ChamferL2 x 10000_mean,ChamferL2 x 10000_std,BL quality_mean,BL quality_std,No. ints._mean,No. ints._std,Precision@0.01_mean,Precision@0.01_std,Recall@0.01_mean,Recall@0.01_std,F1@0.01_mean,F1@0.01_std,Precision@0.02_mean,Precision@0.02_std,Recall@0.02_mean,Recall@0.02_std,F1@0.02_mean,F1@0.02_std,Search_mean,Search_std,Total_mean,Total_std,num_test_samples
3.065276622772217,0.0,0.9952208399772644,0.0,0.0,0.0,61.959999084472656,0.0,65.93000030517578,0.0,63.88338088989258,0.0,89.11000061035156,0.0,94.88999938964844,0.0,91.90921020507812,0.0,0.7872145175933838,0.0,0.7872145175933838,0.0,1
