ChamferL2 x 10000_mean,ChamferL2 x 10000_std,BL quality_mean,BL quality_std,No. ints._mean,No. ints._std,Precision@0.01_mean,Precision@0.01_std,Recall@0.01_mean,Recall@0.01_std,F1@0.01_mean,F1@0.01_std,Precision@0.02_mean,Precision@0.02_std,Recall@0.02_mean,Recall@0.02_std,F1@0.02_mean,F1@0.02_std,Search_mean,Search_std,Total_mean,Total_std,num_test_samples
1.5708733797073364,0.0,0.9664541482925415,0.0,0.0,0.0,72.40800476074219,0.0,73.85600280761719,0.0,73.12483215332031,0.0,99.31999969482422,0.0,99.76799774169922,0.0,99.54348754882812,0.0,0.32740092277526855,0.0,0.32740092277526855,0.0,1
