ChamferL2 x 10000_mean,ChamferL2 x 10000_std,BL quality_mean,BL quality_std,No. ints._mean,No. ints._std,Precision@0.01_mean,Precision@0.01_std,Recall@0.01_mean,Recall@0.01_std,F1@0.01_mean,F1@0.01_std,Precision@0.02_mean,Precision@0.02_std,Recall@0.02_mean,Recall@0.02_std,F1@0.02_mean,F1@0.02_std,Search_mean,Search_std,Total_mean,Total_std,num_test_samples
4.693389892578125,0.0,0.9913471937179565,0.0,0.0,0.0,35.29500198364258,0.0,34.80500030517578,0.0,35.04828643798828,0.0,84.68499755859375,0.0,84.44999694824219,0.0,84.56733703613281,0.0,0.315762996673584,0.0,0.315762996673584,0.0,1
